rank,state_code,state_name,opportunity_score,commercial_rate_cents,fitness_establishments,fitness_establishments_per_100k,median_household_income,population,rate_period,acs_year,cbp_year
1,CO,Colorado,73.2,13.81,972,16.58,95470,5862189,2026-07,2024,2023
2,NH,New Hampshire,71.8,20.63,292,20.93,99031,1394868,2026-07,2024,2023
3,NJ,New Jersey,71.3,19.17,1495,16.0,103556,9343809,2026-07,2024,2023
4,WA,Washington,70.7,11.78,1054,13.48,98141,7816116,2026-07,2024,2023
5,VA,Virginia,70.4,11.68,1220,14.01,93170,8705170,2026-07,2024,2023
6,MA,Massachusetts,68.4,24.41,1230,17.46,103960,7044056,2026-07,2024,2023
7,TX,Texas,67.2,8.47,3465,11.48,78476,30188424,2026-07,2024,2023
8,MT,Montana,64.8,13.33,215,19.25,72509,1116875,2026-07,2024,2023
9,CT,Connecticut,64.3,19.87,578,15.95,95781,3624508,2026-07,2024,2023
10,NE,Nebraska,64.0,9.39,304,15.36,76475,1978707,2026-07,2024,2023
11,FL,Florida,63.9,11.37,2791,12.45,74568,22416077,2026-07,2024,2023
12,MN,Minnesota,63.6,13.49,748,13.03,89062,5739445,2026-07,2024,2023
13,DC,District of Columbia,63.4,23.88,121,17.76,109870,681294,2026-07,2024,2023
14,DE,Delaware,63.2,13.8,170,16.65,84954,1021191,2026-07,2024,2023
15,OR,Oregon,63.1,10.6,555,13.05,83011,4254293,2026-07,2024,2023
16,NC,North Carolina,62.6,10.73,1415,13.19,72388,10730404,2026-07,2024,2023
17,IL,Illinois,62.0,15.19,1621,12.77,83390,12694798,2026-07,2024,2023
18,UT,Utah,61.9,10.85,367,10.82,95166,3392331,2026-07,2024,2023
19,MD,Maryland,61.8,17.51,704,11.34,103678,6206011,2026-07,2024,2023
20,WI,Wisconsin,61.2,13.93,836,14.13,77485,5914872,2026-07,2024,2023
21,PA,Pennsylvania,61.0,13.86,1637,12.57,77971,13018639,2026-07,2024,2023
22,ND,North Dakota,59.6,8.22,112,14.27,76657,784841,2026-07,2024,2023
23,WY,Wyoming,58.9,10.26,90,15.45,76176,582397,2026-07,2024,2023
24,CA,California,58.7,30.56,5371,13.67,99122,39287377,2026-07,2024,2023
25,GA,Georgia,57.8,12.54,1186,10.84,77353,10940407,2026-07,2024,2023
26,AZ,Arizona,57.2,13.12,813,11.02,79964,7378838,2026-07,2024,2023
27,ID,Idaho,56.7,10.16,233,12.05,77800,1934262,2026-07,2024,2023
28,NV,Nevada,56.5,9.72,345,10.83,78260,3184612,2026-07,2024,2023
29,NY,New York,55.3,24.18,2498,12.58,85974,19852366,2026-07,2024,2023
30,IA,Iowa,55.1,13.27,398,12.4,75059,3210507,2026-07,2024,2023
31,OH,Ohio,54.6,14.06,1294,10.96,71389,11810293,2026-07,2024,2023
32,MO,Missouri,54.1,12.64,697,11.26,70702,6191814,2026-07,2024,2023
33,RI,Rhode Island,54.0,23.43,178,16.16,87796,1101801,2026-07,2024,2023
34,IN,Indiana,53.3,13.3,739,10.79,71957,6851073,2026-07,2024,2023
35,SC,South Carolina,53.2,11.61,574,10.84,69324,5296225,2026-07,2024,2023
36,TN,Tennessee,53.1,13.43,786,11.12,69595,7066383,2026-07,2024,2023
37,SD,South Dakota,52.1,12.17,114,12.56,75081,907428,2026-07,2024,2023
38,KS,Kansas,51.3,12.04,302,10.25,74275,2947197,2026-07,2024,2023
39,LA,Louisiana,50.5,10.97,509,11.04,60756,4611961,2026-07,2024,2023
40,OK,Oklahoma,50.5,10.32,410,10.18,65039,4028634,2026-07,2024,2023
41,MI,Michigan,48.6,16.46,930,9.23,72875,10077761,2026-07,2024,2023
42,VT,Vermont,48.2,20.71,92,14.22,81203,647106,2026-07,2024,2023
43,AK,Alaska,46.6,23.29,91,12.37,92788,735706,2026-07,2024,2023
44,ME,Maine,46.3,21.64,189,13.62,74733,1387817,2026-07,2024,2023
45,AL,Alabama,45.5,14.83,495,9.73,63999,5086768,2026-07,2024,2023
46,KY,Kentucky,45.5,11.95,390,8.6,63726,4534824,2026-07,2024,2023
47,NM,New Mexico,44.8,11.9,201,9.48,64059,2120246,2026-07,2024,2023
48,AR,Arkansas,42.8,11.76,257,8.43,60773,3049391,2026-07,2024,2023
49,MS,Mississippi,39.6,13.65,255,8.65,56447,2946779,2026-07,2024,2023
50,WV,West Virginia,37.0,11.44,118,6.64,59608,1778373,2026-07,2024,2023
51,HI,Hawaii,20.1,43.63,99,6.85,100389,1445235,2026-07,2024,2023
